{
  "planning_ms": 0.5422379999981786,
  "execution_ms": 0.5612137999996776,
  "memory_ms": 3.7500160000126925,
  "compression_ms": 0.7493779999913386,
  "verification_ms": 0.7645835000039369,
  "plugin_ms": 7.420000110869296e-05,
  "api_ms": 2.382153999997172,
  "websocket_ms": 2.6267100000040955
}